name_product,category_product_name,description_product,price_product,stock,rating_product
DogLemi Dog Shammy Towels ,Hygiene, Glove Quick Drying Dogs paw Towel Chenille Microfiber Pet Dirty Dogs Grooming Mitt for Large Medium Small Pet Super Absorbent Machine Washable 2 Pack  ,15.99,100,4
Furhaven Steady Paws,Toys, Easy Multi-Step Pet Stairs for High Beds Sofas and Furniture for Small Medium and Large Dogs and Cats Multiple Colors and Sizes  ,64.99,100,4.6 out of 5 stars
Dog Car Seat   ,Accesories,Cover for Back Seat  Waterproof Durable Dog Hammock for Car with Mesh Window Scratchproof Nonslip Pet Seat Covers for Cars Trucks and SUVs, 26.98,100,4.7 out of 5 stars
fuguitex Waterproof Dog Blanket   ,Home,Bed Anti-Slip Cover Fleece Lightweight Plush Fuzzy Cozy Plush Pet Blanket Throw Blanket for Couch Sofa,22.99,100,4.8 out of 5 stars
Neater Pet Brands Neater Mat  ,Home,- Waterproof Silicone Pet Bowls Mat - Protect Floors from Food & Water ,18.99,100,4.6 out of 5 stars
Lint Rollers Value   ,Home,Pack of 450 Sheets / 5 Refills Sticky Roller Lint Remover for Dog Cat Pet Hair Lint Rollers for Clothes Carpet Couch Furniture Car Seats,14.99,100,4.3 out of 5 stars
Vip Pets  ,Food,Pet food,0.99,100,4.5 out of 5 stars
Lesure Plush Squeaky Dog   ,Toys,Toys for Large Dogs - Durable Stuffed Dog Toys with Tough Rope and Crinkle Paper for Puppies Small Medium Large Pets,15.99,100,4.1 out of 5 stars
Ruff 'n Ruffus Portable Foldable   ,Accesories,Pet Playpen + Free Carrying Case + Free Travel Bowl | Available in 3 Sizes Indoor/Outdoor Water-Resistant Removable Shade Cover,38.97,100,4.3 out of 5 stars
fiddo Dog Nail Grinder   ,Accesories,- Rechargeable Pet Nail Trimmer for Cat Quiet Painless Electric Nail File for Large Medium Small Dogs and Cats,19.99,100,4.6 out of 5 stars
Yes I Have Pets: Deal. With. It.  ,Home,product for pets,9.99,100,4.6 out of 5 stars
Furhaven Orthopedic Cooling Gel and Memory Foam Pet Beds ",Hygiene, for Small Medium and Large Dogs - Ergonomic Contour Luxe Lounger Dog Bed Mattress and More ,66.99,100,4.5 out of 5 stars
Analan Mini Pet Hair Remover  ,Hygiene,for Car Detailing Supplies, Carpet Dog Hair Remover for Car Interior, Triangle Dog Hair Remover for Auto Detailing, Couch, Furniture, Lint, Carpet ,15.99,100,4.6 out of 5 stars
SEERWAY Scat Pet Shock Mat ,Home,Indoor Upgraded Safe Shock Training Pads for Dogs and Cats Electric Repellent Zap Mat Keeps Pets Off Couch Sofa Counter 3 Training Modes  ,33.99,100,4.2 out of 5 stars
Tomxcute Cat Water Fountain ,Food,3.2L/108oz Automatic Stainless Steel Pet Fountain Dog Water Dispenser Ultra-Quiet Pump and 3 Replacement Filters & for Cats Dogs Multiple Pets  ,46.99,100,4.5 out of 5 stars
PETLIBRO Automatic Cat Feeder, Food,Pet Dry Food Dispenser Triple Preservation with Stainless Steel Bowl & Twist Lock Lid Up to 50 Portions 6 Meals Per Day Granary for Small/Medium Pets  ",69.99,100,4.6 out of 5 stars
FATTY CHOWCHOW Dog Car Seat Covers ,Accesories,100% Waterproof Car Seat Protector for Pets Front Seat Scratch Proof Non-Slip Durable for Cars,Trucks & SUVs  ,23.99,100,4.3 out of 5 stars
Pet Hair Remover Brush Pet Hair   ",Hygiene,Detailer for Couch & Car Seat Professional Dog & Cat Hair Remover for Home Fabric Cat Tree and Car Detailing, Hair Removal Effect up to 96% Keep Fabric Tidy,9.99,100,4.3 out of 5 stars
Portable Lint Remover  ,Hygiene, 2 Pack Dog Hair Remover - Reusable Double Sided Manual Clothes Hair Removal Easy Pet Hair Remover for Removing Lint Carpet Pet Towers Dust in Clothes and Furniture,16.99,100,4.5 out of 5 stars
Sol Paws Pet Hair Remover   ,Hygiene,for Dog Cat Animals- Multi-Surface Lint Roller for Pet Hair- Eco-Friendly Reusable Lint Roller- Portable- Cat and Dog Must Have,16.99,100,4.2 out of 5 stars
YUDODO Pet Dog Sling Carrier  ,Accesories,Breathable Mesh Travel Safe Sling Bag Carrier for Dogs Cats ,38.98,100,4.3 out of 5 stars
Homerunpet Pet Fountain Filters  ,Hygiene,Replacement for Wireless Pumps Cat Water Fountain Dog Water Dispenser WF20 ,14.99,100,4.7 out of 5 stars
NorthPointe Pet Carrier   ,Hygiene,Fasteners – 12 pkg – Pet Kennel Replacement Bolt Hardware,11.98,100,4.6 out of 5 stars
Uproot Lint Cleaner Pro  ,Hygiene,with Hanging String by Quality Basics. 5"" Uproot Cleaner Pro pet Hair That Helps rake lint and Dirt Portable lint Remover Carpet Scraper uproot lint Tool, ,9.99,100,4.2 out of 5 stars
Pet Parents Premium Washable Dog Belly Bands  ",Accesories,(3pack) of Male Dog Diapers Dog Marking Male Dog Wraps High Absorbing Belly Band for Male Dogs ,22.99,100,4.5 out of 5 stars
Pawaii Dog Bowl  ",Food,Insulated Dog Bowl Double-Layer 304 Stainless Steel Dog Bowls with Non-Slip Rubber Base Durable Dishwasher Safe Pet Bowl for Food and Water ,29.99,100,5.0 out of 5 stars
L&W BROS. Dog Nail Grinder  ,Hygiene,with LED Light Professional Dog Nail Grinder Rechargeable Pet Nail Grinder for Dogs Quiet Grooming Dog Nail Trimmer ,22.99,100,4.3 out of 5 stars
Dog Chew Toys Multifunctional  ,Toys,Teeth Cleaning and Gum Massage with Natural Rubber Ultimate Long-Lasting for Adult Dog Tough Chewers for Pets ,14.99,100,4.0 out of 5 stars
Hoopet Dog Beds for Large Medium Small Dogs  ",Home, with Reversible Cushion Soft Machine Washable Removable Cover Rectangle Pet Puppy Cat Sofa Bed Non-Slip Bottom…,39.99,100,4.3 out of 5 stars
DK177 Holiday Theme Dog Outfit Halloween Dogs   ,Accesories,Dresses Lightweight Velvet Christmas Pet Clothes Dog Costume Puppy Dress Doggie Party Girl One Piece with Bowknot Cat Apparel,13.99,100,5.0 out of 5 stars
Dog Nail Grinder   ,Hygiene,Upgraded Dog Nail Trimmers Clipper with LED Light 2 Speed Rechargeable Electric Pet Nail Grinder Quiet Low Noise for Small Medium Large Dogs and Cats,15.99,100,4.5 out of 5 stars
TOKAYIFE Cat Food Mat Silicone Non Slip  ",Food,Dog Bowl Mat Waterproof Cat Feeding Mat Stop Food Spills and Water Messes Out to Floor Pet Food Mat ,9.99,100,4.5 out of 5 stars
Teacher's Pet: First Time Feminization  ,Accesories,A guide for pets,12.99,100,5.0 out of 5 stars
miaow Pet Hair Remover Roller   ,Hygiene,Efficient Pet Hair Removal Tool for Soft Surfaces of Furniture Clothes and Decoration Easy to Operate and Maintain Simple and Environmentally Friendly.（Blue）,11.98,100,3.9 out of 5 stars
SunLight Pet Hair Remover  ,Hygiene,- Reusable. Dog Hair Remover, Fur Remover. Cleans Out pet's Hair and Fur from Clothes Laundry car Seats and Furniture. Dust Remover. Lint Remover. Easy to Clean. ,8.98,100,4.2 out of 5 stars
Ptlom Pet Food Mat for Dog and Cat ,Food,Placemat 2 Pcs Mat for Prevent Food and Water Overflow Suitable for Medium and Small Pet Silicone 9.5* 9.5  ",9.99,100,4.6 out of 5 stars
24 Pieces Sympathy Loss of Pet Card  ,Accesories,Thick Sympathy Greeting Cards Pet Condolence Cards Dog Bereavement Cards with Envelopes for Dogs Cats Groomers Pet Grooming ,14.99,100,3.9 out of 5 stars
Reopet Silicone Dog Cat   ,Food,Bowl Mat Non-Stick Food Pad Water Cushion Waterproof - Multiple Colors Sizes & Purposes,24.99,100,4.5 out of 5 stars
WOYYHO Small Pet Dog Sling  ,Accesories,Carrier Zipper Pocket Breathable Puppy Sling Carrier with Removable Bottom Adjustable Safe Dog Crossbody Carrier for Small Medium Dogs Cats Rabbit Outdoor Travel ,29.98,100,4.4 out of 5 stars
Yacee Silicone Dog Food Mat   ,Food,Waterproof Easy Clean in Dishwasher Pet and Cat Mats 0.5"" Raised Edges Placemat Tray to Stop Food Spills and Water Bowl Messes on Floor Large,14.99,100,4.6 out of 5 stars
WAKAYOYO 4 PCS Portable Lint Remover Pet Hair Remover Detachable & Reusable Pet Hair Remover   ,Hygiene,for Laundry Carpet Scraper in Plastic for Clothes Sofa Blanket & Car Mats.,11.47,100,4.6 out of 5 stars
Pet Memorial Gift Sympathy Gift for Loss Bereavement  ,Accesories,Crystal Acrylic Heart Decor Remembrance Gifts Dog Memorial Gifts Crystal Acrylic Heart Condolence Gifts for Loss of Loved One ,11.99,100,4.9 out of 5 stars
